dataset,model,MASE,WQL
exchange_rate,amazon/chronos-2,1.8509465999380377,0.012087769519369107
m4_hourly,amazon/chronos-2,0.8104825034777375,0.02651751588407676
m4_monthly,amazon/chronos-2,0.9224475491068076,0.09263335905798953
monash_weather,amazon/chronos-2,0.7741455657049703,0.12532608046523253
nn5,amazon/chronos-2,0.5768116596681803,0.14875364453932313
